year,neighbourhood,single_detached_house,apartment_five_storeys_plus,movable_dwelling,semi_detached_house,row_house,duplex,apartment_five_storeys_less,other_house,average_house_value,shelter_costs_owned,shelter_costs_rented
2001,Agincourt North,3715,1480,0,1055,1295,195,185,5,200388,810,870
2001,Agincourt South-Malvern West,3250,1835,0,545,455,105,425,0,203047,806,892
2001,Alderwood,3175,315,0,470,50,185,370,0,259998,817,924
2001,Annex,1060,6090,5,1980,605,275,3710,165,453850,1027,1378
2001,Banbury-Don Mills,3615,4465,0,240,380,15,1360,0,371864,1007,1163
2001,Bathurst Manor,2405,1550,0,130,130,375,745,0,304749,843,1052
2001,Bay Street Corridor,10,7575,0,0,15,0,240,0,257404,1218,1142
2001,Bayview Village,2170,630,0,170,765,15,640,0,327644,1197,1164
2001,Bayview Woods-Steeles,1650,1715,0,925,105,10,170,5,343535,1212,1018
2001,Bedford Park-Nortown,4985,2080,0,45,40,210,1235,15,565304,933,1491
2001,Beechborough-Greenbrook,745,715,0,45,20,120,940,5,225369,622,838
2001,Bendale,4385,2015,0,440,220,535,165,0,182957,811,910
2001,Birchcliffe-Cliffside,5470,880,0,430,60,560,1955,10,265705,705,1010
2001,Black Creek,855,4530,0,675,1125,5,85,5,158483,703,802
2001,Blake-Jones,660,505,0,985,455,125,305,55,310740,646,1149
2001,Briar Hill-Belgravia,2010,2430,0,150,0,195,760,10,222086,810,1057
2001,Bridle Path-Sunnybrook-York Mills,2275,110,0,25,15,10,20,0,927466,1983,1790
2001,Broadview North,960,3160,0,465,75,40,795,5,269386,781,1080
2001,Brookhaven-Amesbury,1705,3415,0,265,0,55,435,15,213227,742,927
2001,Cabbagetown-South St.James Town,585,3170,0,470,575,125,790,10,300213,810,1225
2001,Caledonia-Fairbank,1940,175,0,435,10,330,750,5,219771,781,1002
2001,Casa Loma,1035,1700,0,415,190,185,1090,5,596077,1241,1500
2001,Centennial Scarborough,3210,0,0,175,365,35,25,15,249025,937,1053
2001,Church-Yonge Corridor,65,11760,0,50,270,35,1215,30,246750,942,1251
2001,Clairlea-Birchmount,3530,1645,0,825,75,275,520,5,215421,739,1014
2001,Clanton Park,2610,805,5,15,10,445,1235,5,335119,779,1151
2001,Cliffcrest,3515,1375,5,80,275,205,125,5,253618,697,1011
2001,Corso Italia-Davenport,1960,15,0,1730,95,430,1000,30,255142,785,980
2001,Danforth,785,345,0,1685,50,165,870,65,283706,688,1124
2001,Danforth-East York,3320,780,0,1800,25,350,530,85,256205,766,1030
2001,Don Valley Village,2150,5095,0,535,1445,45,70,5,241824,925,974
2001,Dorset Park,2065,3805,0,305,925,205,340,0,159187,765,922
2001,Dovercourt-Wallace Emerson-Juncti,2670,1330,0,4400,875,660,2610,140,264116,800,990
2001,Downsview-Roding-CFB,4410,3165,0,820,475,180,3270,45,231741,752,871
2001,Dufferin Grove,660,1160,0,1290,160,410,1195,45,278023,848,1048
2001,East End-Danforth,2035,2035,0,2075,305,390,1725,45,290457,690,1272
2001,Edenbridge-Humber Valley,2620,1790,0,85,180,35,1075,0,483734,936,1239
2001,Eglinton East,1890,4965,0,155,195,220,425,5,163419,726,885
2001,Elms-Old Rexdale,1185,1415,0,85,430,10,25,0,163039,802,961
2001,Englemount-Lawrence,2435,2355,0,10,225,125,2355,25,345676,751,1110
2001,Eringate-Centennial-West Deane,4040,1655,0,290,470,10,70,0,241685,920,934
2001,Etobicoke West Mall,1025,2685,0,105,220,20,65,0,187993,895,901
2001,Flemingdon Park,15,6265,0,180,805,0,480,0,126255,774,966
2001,Forest Hill North,1565,3380,0,10,0,0,485,5,517466,940,1428
2001,Forest Hill South,1815,2440,5,65,45,85,1010,15,726664,1001,1469
2001,Glenfield-Jane Heights,510,3655,0,3855,1270,10,760,0,199043,679,874
2001,Greenwood-Coxwell,1410,535,0,2505,500,70,1115,10,235168,688,1040
2001,Guildwood,2310,1090,0,120,295,5,85,0,224425,898,944
2001,Henry Farm,505,2935,0,60,480,0,0,0,224780,960,1085
2001,High Park North,1600,5705,0,660,105,685,1615,35,323536,942,1172
2001,High Park-Swansea,3160,1910,0,565,70,1045,2610,20,354207,874,1213
2001,Highland Creek,3210,0,0,0,0,275,0,0,260555,755,1014
2001,Hillcrest Village,1800,1945,0,1110,1090,40,380,0,240009,563,935
2001,Humber Heights-Westmount,1850,2055,5,55,50,5,170,0,272896,864,954
2001,Humber Summit,420,725,0,2245,140,5,180,0,213919,753,895
2001,Humbermede,575,1570,0,1775,60,25,470,5,194295,802,919
2001,Humewood-Cedarvale,2005,1750,0,265,20,185,2335,0,423537,809,1318
2001,Ionview,1375,3055,0,405,105,30,40,0,174793,717,900
2001,Islington-City Centre West,5365,6200,0,135,185,80,450,5,274436,890,1071
2001,Junction Area,1050,100,0,920,430,640,1580,55,263247,851,1122
2001,Keelesdale-Eglinton West,2035,495,10,320,10,295,660,5,196112,661,922
2001,Kennedy Park,1765,2925,5,700,110,405,580,20,174518,616,892
2001,Kensington-Chinatown,225,3605,0,680,1035,60,1625,230,267631,834,1134
2001,Kingsview Village-The Westway,2310,4920,0,175,285,95,185,0,205572,874,881
2001,Kingsway South,2370,260,0,65,45,0,340,10,512334,1362,1340
2001,L'Amoreaux,1320,715,0,555,50,65,360,5,395115,676,1227
2001,Lambton Baby Point,3810,6850,0,1355,2435,190,50,0,204523,763,907
2001,Lansing-Westgate,2635,1190,5,60,0,25,580,10,372579,1106,1259
2001,Lawrence Park North,3410,170,0,830,25,155,965,0,461393,1071,1441
2001,Lawrence Park South,3590,570,0,170,70,190,845,40,664712,1021,1630
2001,Leaside-Bennington,3660,550,0,775,90,50,1375,35,489998,962,1366
2001,Little Portugal,595,335,0,1255,805,260,1445,90,328211,828,1044
2001,Long Branch,1605,920,0,60,80,220,1630,35,234424,766,1079
2001,Malvern,4285,2815,0,1430,3075,230,110,45,156076,796,988
2001,Maple Leaf,1825,935,0,135,95,30,510,10,275374,777,859
2001,Markland Wood,1805,2010,0,10,260,170,0,0,269751,923,979
2001,Milliken,4090,1860,0,545,565,160,50,50,209609,776,871
2001,Mimico,2715,4470,0,260,555,430,2835,60,239078,838,1170
2001,Morningside,2245,2185,0,35,820,150,200,0,173169,712,980
2001,Moss Park,230,4360,0,320,550,185,1240,45,248778,660,1259
2001,Mount Dennis,1145,2275,0,120,180,150,675,0,159374,744,1016
2001,Mount Olive-Silverstone-Jamestown,1945,5865,5,225,1000,320,240,5,153829,765,929
2001,Mount Pleasant East,2380,1980,0,1625,140,160,1020,10,411558,911,1380
2001,Mount Pleasant West,575,11060,0,165,340,80,1845,65,284459,953,1275
2001,New Toronto,1730,1040,0,215,75,160,1645,5,247779,645,1023
2001,Newtonbrook East,3120,2200,0,5,25,50,275,0,339987,999,1143
2001,Newtonbrook West,3025,3160,0,670,365,15,300,5,279833,943,994
2001,Niagara,85,3115,0,225,800,150,1210,15,224801,1076,1306
2001,North Riverdale,995,655,0,1710,240,160,1270,35,427169,878,1220
2001,North St.James Town,40,7920,0,90,45,25,310,25,249993,730,1302
2001,O'Connor-Parkview,1400,3235,0,180,205,105,80,35,181251,606,851
2001,Oakridge,3530,1555,0,1385,50,660,1495,35,256556,728,997
2001,Oakwood Village,3090,2400,0,120,70,315,1530,20,268067,718,1040
2001,Old East York,2570,565,0,175,0,120,345,35,269410,796,965
2001,Palmerston-Little Italy,765,240,0,1695,310,165,2865,80,378033,981,1098
2001,Parkwoods-Donalda,2605,6510,0,1675,1385,40,970,0,276239,925,1003
2001,Pelmo Park-Humberlea,1960,370,0,285,30,10,45,5,246333,846,849
2001,Playter Estates-Danforth,940,955,0,845,65,240,540,40,394235,893,1419
2001,Pleasant View,1055,1465,0,2520,280,20,155,0,226856,893,914
2001,Princess-Rosethorn,3320,460,0,0,45,30,0,0,465254,992,1211
2001,Regent Park,40,2165,0,80,665,20,965,5,238524,524,1280
2001,Rexdale-Kipling,2140,805,0,60,495,30,355,0,219337,712,911
2001,Rockcliffe-Smythe,3320,3225,0,1235,250,160,555,0,210017,673,927
2001,Roncesvalles,1385,1620,0,1605,430,155,1415,110,309221,780,1200
2001,Rosedale-Moore Park,2610,3880,0,520,225,290,1735,0,664476,1219,1540
2001,Rouge,5210,915,0,540,1030,200,595,0,228625,899,1123
2001,Runnymede-Bloor West Village,2165,5,0,760,45,295,600,10,335435,899,1188
2001,Rustic,1225,1930,0,160,5,30,150,10,261923,615,844
2001,Scarborough Village,1115,4120,0,35,110,110,205,0,200402,692,1000
2001,South Parkdale,755,6535,0,540,145,70,2385,25,271880,718,1362
2001,South Riverdale,1370,450,5,3650,1685,320,2380,160,276462,713,1188
2001,St.Andrew-Windfields,3275,1455,0,220,555,45,525,5,607040,1055,1551
2001,Steeles,3715,2555,0,205,565,55,185,0,228460,959,877
2001,Stonegate-Queensway,6035,570,0,90,210,130,2925,10,334433,827,1038
2001,Tam O'Shanter-Sullivan,3335,4420,0,180,870,135,395,0,215039,801,868
2001,Taylor-Massey,675,4930,0,250,290,95,110,5,145464,732,908
2001,The Beaches,2760,220,0,1810,210,490,3395,65,404836,958,1408
2001,Thistletown-Beaumond Heights,1975,675,0,380,50,30,110,5,228368,737,969
2001,Thorncliffe Park,15,6275,0,0,75,0,0,20,155094,876,1042
2001,Trinity-Bellwoods,665,75,0,1890,1245,170,2145,90,324732,938,1093
2001,University,240,820,0,560,380,130,775,85,375678,1035,1140
2001,Victoria Village,1295,3025,0,340,230,15,2000,5,213950,720,943
2001,Waterfront Communities-The Island,285,9205,5,160,430,20,375,40,228975,1177,1306
2001,West Hill,3395,3540,0,570,1130,295,405,0,172947,570,892
2001,West Humber-Clairville,5640,1305,0,375,1255,40,285,0,208555,785,978
2001,Westminster-Branson,840,7650,0,720,405,10,115,45,212241,909,1048
2001,Weston,1980,4425,0,225,95,60,500,5,187140,726,967
2001,Weston-Pellam Park,1000,545,5,1575,265,105,350,30,213749,597,961
2001,Wexford/Maryvale,6000,1860,0,15,205,850,1000,10,211633,751,868
2001,Willowdale East,3825,5010,0,60,725,30,840,0,284984,1207,1135
2001,Willowdale West,2485,2110,5,145,25,15,190,0,283215,928,1092
2001,Willowridge-Martingrove-Richview,3770,3115,0,535,230,5,65,0,282087,933,910
2001,Woburn,7480,8035,5,460,265,610,150,0,181367,698,900
2001,Woodbine Corridor,990,595,0,1965,235,110,1295,50,270607,649,1181
2001,Woodbine-Lumsden,2105,690,0,330,25,145,255,15,224756,683,1042
2001,Wychwood,1390,1295,0,1250,335,295,1295,30,343877,772,1149
2001,Yonge-Eglinton,1650,1525,0,480,25,350,1175,10,491987,1035,1479
2001,Yonge-St.Clair,670,3625,0,410,200,280,1020,25,494098,1091,1351
2001,York University Heights,1385,5100,0,1080,560,25,1010,40,185859,757,890
2001,Yorkdale-Glen Park,2540,1515,0,60,265,120,590,10,261784,761,895
2006,Agincourt North,3295,2060,0,775,1425,600,565,0,293140,1055,886
2006,Agincourt South-Malvern West,2695,1840,5,305,420,610,860,5,297031,1082,881
2006,Alderwood,2750,315,5,480,85,370,540,5,380342,1120,893
2006,Annex,630,7135,0,1120,620,240,4955,15,663921,1671,1122
2006,Banbury-Don Mills,3620,5020,5,285,660,30,1330,0,543987,1410,1101
2006,Bathurst Manor,1960,1710,0,165,50,895,1030,10,445807,1276,921
2006,Bay Street Corridor,0,8435,0,5,15,5,305,0,376548,1385,1331
2006,Bayview Village,2070,2625,5,140,825,90,390,0,479299,1412,1308
2006,Bayview Woods-Steeles,1550,1605,0,410,195,120,725,0,502546,1235,1324
2006,Bedford Park-Nortown,4785,1890,0,45,60,290,1285,110,826963,1808,1020
2006,Beechborough-Greenbrook,650,645,0,75,15,95,1035,5,329685,1017,680
2006,Bendale,3835,3270,5,285,190,1025,460,0,267642,1104,887
2006,Birchcliffe-Cliffside,4860,905,0,400,40,850,1965,20,388690,1225,770
2006,Black Creek,695,4375,0,740,1090,140,60,0,231839,973,768
2006,Blake-Jones,445,490,0,615,320,135,1115,10,454571,1394,706
2006,Briar Hill-Belgravia,1595,2360,0,135,5,440,1145,5,324882,1282,886
2006,Bridle Path-Sunnybrook-York Mills,2205,145,0,35,15,30,10,0,1356757,2170,2167
2006,Broadview North,845,3075,0,430,85,125,785,0,394075,1309,853
2006,Brookhaven-Amesbury,1775,3430,0,265,0,125,490,5,311922,1124,810
2006,Cabbagetown-South St.James Town,150,3150,0,425,610,40,1685,0,439171,1486,886
2006,Caledonia-Fairbank,1705,160,0,385,20,360,905,10,321496,1215,854
2006,Casa Loma,875,2230,0,230,195,170,1240,5,871981,1819,1356
2006,Centennial Scarborough,3175,0,5,170,370,170,40,5,364291,1277,1024
2006,Church-Yonge Corridor,15,13900,0,25,220,10,1445,5,360962,1517,1029
2006,Clairlea-Birchmount,3040,1605,5,700,135,600,1040,5,315133,1229,808
2006,Clanton Park,2480,1015,10,10,15,530,1280,25,490234,1396,851
2006,Cliffcrest,3275,1255,0,60,285,400,155,45,371009,1226,761
2006,Corso Italia-Davenport,1280,0,0,1225,110,455,2095,30,373239,1188,858
2006,Danforth,665,340,0,1220,25,190,1470,0,415024,1363,751
2006,Danforth-East York,2845,715,0,1665,30,595,995,10,374793,1249,838
2006,Don Valley Village,2120,5075,5,345,1405,150,310,5,353756,1181,1011
2006,Dorset Park,2045,3690,0,330,1370,450,430,5,232869,1118,836
2006,Dovercourt-Wallace Emerson-Juncti,1590,1680,5,2145,745,845,6290,25,386366,1200,874
2006,Downsview-Roding-CFB,4170,3065,0,930,500,360,3045,10,339006,1057,821
2006,Dufferin Grove,300,1130,0,510,90,205,2745,0,406710,1270,926
2006,East End-Danforth,1735,2045,5,1880,350,480,2240,20,424900,1543,754
2006,Edenbridge-Humber Valley,2540,1920,0,95,95,55,1040,5,707638,1502,1023
2006,Eglinton East,1545,5100,0,85,405,545,195,5,239060,1073,793
2006,Elms-Old Rexdale,970,1355,0,75,450,225,50,0,238505,1166,877
2006,Englemount-Lawrence,1900,2775,0,30,275,545,2560,5,505677,1346,820
2006,Eringate-Centennial-West Deane,3880,1740,0,305,540,125,70,15,353553,1132,1005
2006,Etobicoke West Mall,960,2570,0,90,220,50,50,15,275009,1092,978
2006,Flemingdon Park,5,6150,0,190,570,5,600,0,184694,1171,846
2006,Forest Hill North,1450,3410,0,10,10,115,375,0,756983,1731,1027
2006,Forest Hill South,1740,1835,0,50,50,70,1015,0,1063011,1781,1094
2006,Glenfield-Jane Heights,410,3240,0,3555,1290,495,770,10,291172,1059,742
2006,Greenwood-Coxwell,925,505,0,1415,295,345,2540,5,344019,1261,752
2006,Guildwood,2185,1065,0,100,285,135,125,0,328303,1145,981
2006,Henry Farm,495,2950,0,0,535,15,0,0,328823,1316,1049
2006,High Park North,1375,5795,0,580,110,455,1985,5,473289,1421,1029
2006,High Park-Swansea,2620,1930,5,495,165,605,3190,25,518157,1471,956
2006,Highland Creek,3035,5,0,0,5,510,20,0,381156,1229,825
2006,Hillcrest Village,1650,1935,0,825,1075,200,780,0,351101,1134,615
2006,Humber Heights-Westmount,1670,1980,0,60,60,180,180,5,399210,1157,945
2006,Humber Summit,540,715,0,2205,100,150,140,0,312935,1086,823
2006,Humbermede,580,1525,0,1235,105,85,1080,0,284227,1115,877
2006,Humewood-Cedarvale,1805,1630,0,250,5,155,2475,0,619577,1598,884
2006,Ionview,1005,2710,0,370,150,375,250,100,255698,1091,783
2006,Islington-City Centre West,5110,6580,0,125,400,275,720,10,401463,1298,973
2006,Junction Area,750,85,0,965,540,600,2310,5,385094,1360,930
2006,Keelesdale-Eglinton West,1690,500,0,365,15,470,1065,0,286886,1118,722
2006,Kennedy Park,1745,2790,0,345,125,610,720,65,255296,1082,673
2006,Kensington-Chinatown,85,3815,5,185,675,65,2815,15,391509,1376,911
2006,Kingsview Village-The Westway,2130,4690,0,120,320,160,185,0,300725,1068,955
2006,Kingsway South,2275,560,0,60,50,25,335,0,749476,1625,1488
2006,L'Amoreaux,1250,685,0,545,175,100,385,0,578001,1488,739
2006,Lambton Baby Point,3675,6775,0,915,2450,375,870,20,299190,1099,834
2006,Lansing-Westgate,2435,2735,0,50,0,220,520,15,545034,1527,1209
2006,Lawrence Park North,3110,215,0,865,20,185,1050,0,674957,1748,1171
2006,Lawrence Park South,3415,745,0,110,25,250,1025,10,972384,1977,1116
2006,Leaside-Bennington,3555,595,0,790,60,40,1445,0,716801,1657,1051
2006,Little Portugal,260,320,0,480,600,180,2980,10,480129,1266,905
2006,Long Branch,1455,865,0,80,80,215,1665,10,342930,1308,837
2006,Malvern,3450,2750,0,1285,3465,990,795,0,228318,1197,869
2006,Maple Leaf,1630,910,5,175,95,200,600,5,402835,1041,849
2006,Markland Wood,1775,1990,0,5,250,55,130,0,394610,1187,1009
2006,Milliken,3780,1855,0,550,615,425,130,0,306629,1056,848
2006,Mimico,2355,5870,0,235,675,475,2910,5,349739,1419,916
2006,Morningside,2215,2000,0,25,860,285,210,0,253323,1188,778
2006,Moss Park,75,5110,0,95,625,50,2190,10,363929,1527,721
2006,Mount Dennis,965,2160,0,120,300,150,905,5,233143,1232,813
2006,Mount Olive-Silverstone-Jamestown,1630,5660,0,150,1060,685,95,0,225031,1127,836
2006,Mount Pleasant East,2155,1880,5,1570,150,150,1085,185,602054,1673,995
2006,Mount Pleasant West,475,11845,10,200,170,95,1895,5,416125,1546,1042
2006,New Toronto,1540,1010,5,190,240,210,1625,0,362468,1240,705
2006,Newtonbrook East,2855,2235,0,10,40,310,265,0,497355,1386,1092
2006,Newtonbrook West,2590,3125,0,640,515,380,325,0,409358,1205,1030
2006,Niagara,40,4850,0,105,1025,35,1940,5,328854,1584,1176
2006,North Riverdale,785,625,0,1205,135,215,1970,5,624890,1479,959
2006,North St.James Town,5,7700,5,0,60,5,585,0,365706,1579,798
2006,O'Connor-Parkview,1055,3170,0,135,205,315,275,10,265146,1032,662
2006,Oakridge,2840,1765,0,1205,35,685,2110,30,375307,1209,796
2006,Oakwood Village,2955,2125,0,130,125,300,1505,0,392146,1261,785
2006,Old East York,2195,505,0,160,0,470,435,5,394111,1170,870
2006,Palmerston-Little Italy,315,240,5,855,255,145,4240,0,553011,1332,1072
2006,Parkwoods-Donalda,2545,6145,5,1355,1290,80,1280,0,404100,1216,1011
2006,Pelmo Park-Humberlea,1665,395,0,245,85,440,110,0,360352,1029,925
2006,Playter Estates-Danforth,660,915,0,600,60,160,1185,0,576713,1720,975
2006,Pleasant View,995,1450,0,1750,270,80,900,0,331860,1108,975
2006,Princess-Rosethorn,3275,435,0,5,40,50,10,0,680604,1468,1083
2006,Regent Park,5,1880,0,45,655,0,1040,5,348928,1552,573
2006,Rexdale-Kipling,1790,640,0,25,445,425,545,0,320860,1105,778
2006,Rockcliffe-Smythe,2740,3175,0,990,220,465,1175,0,307227,1124,735
2006,Roncesvalles,630,1590,10,995,360,545,2275,65,452349,1456,852
2006,Rosedale-Moore Park,2450,4790,0,445,245,330,1685,5,972039,1868,1332
2006,Rouge,7215,895,0,1040,1710,780,650,0,334448,1362,982
2006,Runnymede-Bloor West Village,1980,0,0,765,50,265,700,5,490697,1440,983
2006,Rustic,1135,1910,0,205,0,85,250,0,383158,1023,671
2006,Scarborough Village,1045,3645,0,35,190,140,355,0,293162,1212,756
2006,South Parkdale,185,6065,10,150,130,265,3135,15,397724,1652,785
2006,South Riverdale,835,515,0,2205,1180,370,4620,25,404427,1441,779
2006,St.Andrew-Windfields,3095,1740,0,165,560,105,645,0,888017,1881,1152
2006,Steeles,3635,2530,0,185,555,370,295,0,334206,1063,1048
2006,Stonegate-Queensway,5790,890,0,85,325,260,2705,5,489230,1258,904
2006,Tam O'Shanter-Sullivan,3065,4345,0,165,875,505,530,5,314574,1053,875
2006,Taylor-Massey,590,4515,0,170,235,150,290,0,212794,1101,800
2006,The Beaches,2580,460,0,1455,260,465,3885,5,592220,1708,1047
2006,Thistletown-Beaumond Heights,1560,645,0,310,55,300,275,0,334072,1175,805
2006,Thorncliffe Park,0,6070,0,0,325,0,15,0,226882,1263,957
2006,Trinity-Bellwoods,320,85,0,720,1000,175,4110,25,475039,1326,1025
2006,University,115,430,0,210,325,80,1375,5,549567,1383,1131
2006,Victoria Village,1230,3140,0,315,315,140,1955,5,312980,1143,787
2006,Waterfront Communities-The Island,255,14035,5,30,565,5,810,0,334960,1584,1286
2006,West Hill,3130,3350,0,415,1140,620,670,5,252998,1081,622
2006,West Humber-Clairville,3920,1250,0,190,1400,1720,485,0,305088,1186,858
2006,Westminster-Branson,810,7510,0,705,330,190,210,0,310480,1271,994
2006,Weston,1675,4060,0,185,110,265,710,10,273761,1172,793
2006,Weston-Pellam Park,535,515,0,1305,325,225,1380,20,312685,1165,652
2006,Wexford/Maryvale,5245,1740,5,10,230,1525,1110,15,309590,1053,820
2006,Willowdale East,3430,11945,25,60,615,300,1300,5,416893,1377,1318
2006,Willowdale West,2100,2545,0,145,85,370,210,0,414306,1324,1014
2006,Willowridge-Martingrove-Richview,3580,3220,0,520,255,235,35,0,412655,1104,1020
2006,Woburn,6290,9070,0,275,230,1615,580,10,265315,1091,762
2006,Woodbine Corridor,850,580,0,1500,215,180,1910,5,395861,1432,710
2006,Woodbine-Lumsden,1855,620,0,315,20,310,320,10,328788,1263,747
2006,Wychwood,945,1370,0,920,255,300,2100,5,503046,1394,844
2006,Yonge-Eglinton,1410,1525,0,460,25,320,1485,10,719711,1793,1131
2006,Yonge-St.Clair,540,3785,0,390,210,145,1465,0,722799,1638,1192
2006,York University Heights,1310,4980,0,1270,630,240,1075,45,271887,1079,827
2006,Yorkdale-Glen Park,2220,1445,0,70,470,435,740,5,382954,1085,831
2011,Agincourt North,3385,2130,5,820,1465,610,705,20,366667,1160,976
2011,Agincourt South-Malvern West,2855,1900,0,320,435,685,620,60,371534,1190,971
2011,Alderwood,2850,325,0,520,85,325,540,0,475742,1232,984
2011,Annex,670,7550,0,1215,635,450,4960,65,830450,1838,1237
2011,Banbury-Don Mills,3570,5800,0,285,725,45,1355,0,680433,1551,1213
2011,Bathurst Manor,2055,1945,0,145,55,800,1050,10,557627,1403,1015
2011,Bay Street Corridor,0,11070,0,0,30,0,300,0,470996,1523,1467
2011,Bayview Village,2140,3735,5,135,850,100,450,5,599520,1553,1441
2011,Bayview Woods-Steeles,1575,1705,0,490,200,115,625,0,628597,1358,1459
2011,Bedford Park-Nortown,4870,1960,0,40,65,335,1320,115,1034387,1988,1124
2011,Beechborough-Greenbrook,685,660,0,80,15,85,1135,5,412378,1118,749
2011,Bendale,3885,4195,0,280,300,1050,355,20,334773,1214,977
2011,Birchcliffe-Cliffside,4950,950,0,420,50,835,1950,35,486184,1347,849
2011,Black Creek,700,4455,0,665,1110,155,180,0,289990,1070,846
2011,Blake-Jones,505,500,0,825,375,175,780,20,568589,1533,778
2011,Briar Hill-Belgravia,1640,2420,0,160,70,385,1135,0,406371,1410,976
2011,Bridle Path-Sunnybrook-York Mills,2285,480,0,45,100,30,50,0,1697067,2387,2388
2011,Broadview North,865,3295,0,460,85,135,780,0,492919,1440,940
2011,Brookhaven-Amesbury,1830,3685,0,250,10,120,540,5,390160,1236,893
2011,Cabbagetown-South St.James Town,180,3595,0,450,645,185,1575,20,549326,1634,976
2011,Caledonia-Fairbank,1705,165,0,430,25,355,820,5,402135,1336,941
2011,Casa Loma,880,2630,0,245,220,140,1215,0,1090696,2001,1494
2011,Centennial Scarborough,3470,0,0,160,460,145,35,0,455664,1404,1128
2011,Church-Yonge Corridor,25,16455,5,30,215,65,1410,45,451500,1668,1134
2011,Clairlea-Birchmount,3190,1770,5,1020,845,655,1205,55,394176,1352,890
2011,Clanton Park,2425,1275,5,10,10,540,1255,20,613197,1535,938
2011,Cliffcrest,3460,1305,0,60,375,415,150,65,464068,1348,839
2011,Corso Italia-Davenport,1325,0,0,1315,105,435,1915,15,466857,1307,945
2011,Danforth,700,335,0,1255,30,220,1350,30,519123,1499,828
2011,Danforth-East York,2940,740,0,1720,40,555,955,10,468801,1374,923
2011,Don Valley Village,2230,5225,0,350,1490,140,305,0,442487,1299,1114
2011,Dorset Park,2185,3710,0,335,1420,455,420,5,291278,1230,921
2011,Dovercourt-Wallace Emerson-Juncti,1710,1390,0,2140,950,830,6870,35,483276,1320,963
2011,Downsview-Roding-CFB,4405,3420,0,900,520,355,3625,0,424038,1162,905
2011,Dufferin Grove,340,1315,0,555,90,170,2650,0,508723,1397,1021
2011,East End-Danforth,1800,2080,0,1990,530,485,2170,55,531476,1697,831
2011,Edenbridge-Humber Valley,2565,2170,0,95,120,45,1025,0,885132,1652,1127
2011,Eglinton East,1580,5150,0,75,505,575,190,5,299023,1180,874
2011,Elms-Old Rexdale,1000,1365,0,70,510,180,60,0,298328,1282,966
2011,Englemount-Lawrence,1970,2730,0,40,285,515,2585,0,632514,1480,904
2011,Eringate-Centennial-West Deane,3960,1790,0,350,600,115,65,5,442233,1245,1108
2011,Etobicoke West Mall,1000,2675,0,95,220,50,55,15,343988,1201,1078
2011,Flemingdon Park,0,6635,0,180,580,5,640,0,231020,1288,932
2011,Forest Hill North,1470,3350,0,15,25,105,365,0,946854,1904,1132
2011,Forest Hill South,1730,1825,0,65,45,75,1035,0,1329642,1959,1206
2011,Glenfield-Jane Heights,430,3355,0,3460,1380,360,1015,15,364206,1165,818
2011,Greenwood-Coxwell,1010,515,0,1475,355,325,2315,5,430308,1387,829
2011,Guildwood,2185,1085,0,105,305,170,95,5,410650,1259,1081
2011,Henry Farm,505,3020,0,0,535,15,40,0,411300,1447,1156
2011,High Park North,1425,6065,0,630,130,400,1980,5,592002,1563,1134
2011,High Park-Swansea,2695,2605,0,505,285,555,3225,10,648124,1618,1053
2011,Highland Creek,3155,0,5,10,20,550,45,0,476760,1352,909
2011,Hillcrest Village,1685,1980,0,840,1105,165,765,0,439166,1247,678
2011,Humber Heights-Westmount,1710,1825,0,60,60,170,75,0,499342,1272,1041
2011,Humber Summit,530,730,0,1885,80,90,495,0,391427,1194,907
2011,Humbermede,605,1595,0,1190,450,85,1200,0,355519,1226,966
2011,Humewood-Cedarvale,1880,1715,0,255,0,145,2575,5,774983,1758,974
2011,Ionview,1040,2790,0,370,155,355,260,100,319834,1200,863
2011,Islington-City Centre West,5175,9410,0,125,560,225,745,0,502160,1428,1072
2011,Junction Area,750,490,0,945,570,505,2475,10,481686,1496,1025
2011,Keelesdale-Eglinton West,1755,385,0,410,10,380,1045,0,358844,1230,796
2011,Kennedy Park,1825,2860,0,350,130,630,675,80,319331,1190,742
2011,Kensington-Chinatown,95,4115,0,235,735,170,3285,15,489709,1513,1004
2011,Kingsview Village-The Westway,2175,4665,0,125,310,170,210,5,376154,1175,1052
2011,Kingsway South,2350,695,0,70,50,25,335,0,937464,1787,1640
2011,L'Amoreaux,1300,670,0,550,170,85,370,5,722978,1637,814
2011,Lambton Baby Point,3755,6540,0,935,2465,375,830,5,374234,1209,919
2011,Lansing-Westgate,2365,2775,0,30,0,185,615,10,681742,1679,1332
2011,Lawrence Park North,3155,215,0,905,20,185,1015,5,844253,1922,1290
2011,Lawrence Park South,3465,855,0,115,25,230,980,10,1216283,2174,1230
2011,Leaside-Bennington,3625,525,0,805,75,55,1445,0,896593,1822,1158
2011,Little Portugal,250,780,0,470,625,170,2980,10,600558,1392,997
2011,Long Branch,1515,920,0,85,90,200,1695,5,428946,1439,922
2011,Malvern,3565,3190,0,1280,3560,1075,650,90,285586,1317,958
2011,Maple Leaf,1670,800,0,185,105,170,635,0,503876,1145,936
2011,Markland Wood,1795,2015,0,5,285,60,135,5,493588,1305,1112
2011,Milliken,3870,2110,0,555,630,475,105,10,383540,1161,934
2011,Mimico,2300,6835,5,285,920,370,2975,0,437462,1561,1009
2011,Morningside,2285,2105,0,25,920,275,230,5,316863,1307,857
2011,Moss Park,70,5925,0,120,715,80,2115,10,455212,1679,795
2011,Mount Dennis,1050,2025,0,165,395,195,1035,0,291621,1355,896
2011,Mount Olive-Silverstone-Jamestown,1690,5975,0,170,1035,655,85,0,281475,1239,921
2011,Mount Pleasant East,2205,1900,0,1630,155,190,1105,190,753065,1840,1097
2011,Mount Pleasant West,490,14480,15,225,240,110,2015,10,520500,1700,1148
2011,New Toronto,1580,1135,0,200,240,185,1820,5,453384,1364,777
2011,Newtonbrook East,2890,2590,5,10,45,320,340,0,622104,1524,1203
2011,Newtonbrook West,2640,4025,0,610,570,325,450,0,512036,1325,1135
2011,Niagara,50,9455,0,130,745,430,1815,0,411339,1742,1296
2011,North Riverdale,905,690,0,1345,210,360,1600,45,781629,1627,1057
2011,North St.James Town,10,8470,0,0,115,20,585,0,457435,1737,879
2011,O'Connor-Parkview,1065,3195,0,145,215,340,265,0,331652,1135,730
2011,Oakridge,2835,1555,0,1280,20,640,2225,10,469444,1330,877
2011,Oakwood Village,3060,2360,5,130,135,275,1430,5,490506,1387,865
2011,Old East York,2270,525,0,175,0,420,460,5,492964,1287,959
2011,Palmerston-Little Italy,400,265,0,1090,335,240,3860,55,691720,1465,1181
2011,Parkwoods-Donalda,2565,6495,0,1395,1415,90,1195,5,505459,1337,1114
2011,Pelmo Park-Humberlea,1760,380,0,245,105,325,175,5,450737,1132,1019
2011,Playter Estates-Danforth,650,930,0,585,65,205,1105,15,721368,1892,1075
2011,Pleasant View,1045,1480,0,1840,270,75,825,5,415099,1219,1075
2011,Princess-Rosethorn,3305,445,0,0,40,55,15,0,851317,1615,1194
2011,Regent Park,10,2350,0,55,485,5,905,30,436448,1707,631
2011,Rexdale-Kipling,1840,635,0,30,435,370,640,0,401340,1215,857
2011,Rockcliffe-Smythe,2785,3240,5,1045,225,435,1170,0,384287,1236,810
2011,Roncesvalles,685,1610,10,1000,315,430,2710,20,565810,1601,939
2011,Rosedale-Moore Park,2485,4905,0,495,250,345,1550,0,1215852,2054,1468
2011,Rouge,7700,920,0,1175,1890,780,615,5,418336,1498,1082
2011,Runnymede-Bloor West Village,2065,0,0,755,45,245,700,5,613776,1584,1083
2011,Rustic,1165,1975,0,220,0,85,195,5,479264,1125,740
2011,Scarborough Village,1060,4050,0,30,255,135,365,0,366694,1333,833
2011,South Parkdale,210,6460,5,135,485,225,3075,5,497483,1817,865
2011,South Riverdale,950,910,10,2500,1740,495,4100,70,505868,1585,859
2011,St.Andrew-Windfields,3285,1740,0,180,555,120,580,10,1110755,2069,1270
2011,Steeles,3770,2570,0,185,560,320,265,0,418033,1169,1155
2011,Stonegate-Queensway,5875,975,0,100,455,255,2760,5,611942,1384,996
2011,Tam O'Shanter-Sullivan,3195,4545,0,170,900,600,370,5,393477,1158,964
2011,Taylor-Massey,625,4895,0,200,155,160,235,30,266168,1211,882
2011,The Beaches,2640,635,5,1460,330,425,3875,10,740764,1878,1154
2011,Thistletown-Beaumond Heights,1620,665,0,300,55,310,270,5,417866,1292,887
2011,Thorncliffe Park,0,6270,0,0,80,0,360,0,283790,1389,1055
2011,Trinity-Bellwoods,400,260,0,770,975,620,3600,195,594191,1458,1130
2011,University,140,945,0,220,295,190,1450,45,687412,1521,1246
2011,Victoria Village,1250,3200,0,300,325,185,1995,20,391483,1257,867
2011,Waterfront Communities-The Island,275,25150,0,45,560,20,950,0,418977,1742,1417
2011,West Hill,3255,3390,0,465,1295,655,590,30,316456,1189,686
2011,West Humber-Clairville,4095,2080,0,235,1400,1770,565,5,381612,1304,945
2011,Westminster-Branson,865,7765,0,590,395,125,330,5,388356,1398,1095
2011,Weston,1695,4660,0,250,205,220,875,0,342427,1289,874
2011,Weston-Pellam Park,560,655,0,1270,340,205,1335,20,391115,1281,719
2011,Wexford/Maryvale,5395,1775,0,15,210,1410,1145,10,387243,1158,904
2011,Willowdale East,3495,13340,0,70,760,240,1725,15,521460,1514,1453
2011,Willowdale West,2100,3730,0,145,175,320,215,0,518224,1456,1117
2011,Willowridge-Martingrove-Richview,3640,3420,0,540,280,240,35,0,516160,1214,1124
2011,Woburn,6415,9160,0,285,230,1695,500,10,331863,1200,840
2011,Woodbine Corridor,870,445,0,1565,265,165,1870,15,495153,1575,782
2011,Woodbine-Lumsden,1910,615,0,325,20,290,320,0,411256,1389,823
2011,Wychwood,970,985,0,920,315,310,2040,0,629223,1533,930
2011,Yonge-Eglinton,1415,1510,0,475,25,335,1435,5,900233,1972,1246
2011,Yonge-St.Clair,530,4070,0,450,220,135,1380,0,904096,1802,1314
2011,York University Heights,1490,5075,5,1555,685,210,1260,50,340083,1187,911
2011,Yorkdale-Glen Park,2220,1245,0,85,465,490,730,10,479009,1193,916
2016,Agincourt North,3345,2120,5,805,1440,645,735,15,459051,1411,1202
2016,Agincourt South-Malvern West,2790,3145,0,330,515,695,610,65,465144,1447,1196
2016,Alderwood,2840,255,0,545,85,330,560,0,595608,1498,1212
2016,Annex,645,8165,0,1185,595,455,4795,90,1039687,2235,1524
2016,Banbury-Don Mills,3485,6270,0,285,740,40,1315,0,851872,1886,1494
2016,Bathurst Manor,2105,2055,0,165,45,640,1070,15,698124,1706,1250
2016,Bay Street Corridor,5,14800,0,0,15,0,240,10,589666,1852,1807
2016,Bayview Village,2025,5900,0,120,880,75,520,5,750572,1889,1775
2016,Bayview Woods-Steeles,1565,1775,0,495,200,100,570,0,786976,1652,1797
2016,Bedford Park-Nortown,4820,1995,0,45,65,315,1260,115,1295007,2418,1385
2016,Beechborough-Greenbrook,665,665,0,80,15,90,1130,0,516279,1360,923
2016,Bendale,3870,4850,5,290,325,1075,340,20,419121,1476,1204
2016,Birchcliffe-Cliffside,4900,945,0,425,40,880,1960,40,608681,1638,1046
2016,Black Creek,680,4065,0,660,1140,155,630,5,363055,1301,1042
2016,Blake-Jones,495,470,0,815,370,170,795,15,711848,1864,958
2016,Briar Hill-Belgravia,1610,2395,0,155,75,385,1100,5,508759,1715,1202
2016,Bridle Path-Sunnybrook-York Mills,2275,590,0,40,230,30,80,0,2124653,2903,2942
2016,Broadview North,850,3325,0,440,80,150,815,0,617113,1751,1158
2016,Brookhaven-Amesbury,1790,3745,0,240,25,135,540,0,488463,1503,1100
2016,Cabbagetown-South St.James Town,160,3375,0,460,630,160,1640,20,687732,1987,1202
2016,Caledonia-Fairbank,1680,165,0,435,20,440,940,0,503455,1625,1159
2016,Casa Loma,875,2680,0,265,200,155,1225,0,1365503,2434,1841
2016,Centennial Scarborough,3510,0,5,160,485,150,60,0,570471,1708,1390
2016,Church-Yonge Corridor,10,18055,0,25,220,45,1280,30,565258,2029,1397
2016,Clairlea-Birchmount,3135,1965,0,1015,1045,725,1315,50,493491,1644,1096
2016,Clanton Park,2405,2315,5,10,15,555,1255,10,767695,1867,1156
2016,Cliffcrest,3380,1335,0,55,435,470,160,60,580993,1639,1034
2016,Corso Italia-Davenport,1240,0,0,1230,105,610,2235,65,584484,1590,1164
2016,Danforth,685,330,0,1240,30,215,1410,25,649919,1823,1020
2016,Danforth-East York,2900,880,0,1700,35,550,945,15,586918,1671,1137
2016,Don Valley Village,2120,5630,0,360,1415,145,305,0,553974,1580,1372
2016,Dorset Park,2130,3770,0,335,1560,510,465,5,364667,1496,1135
2016,Dovercourt-Wallace Emerson-Juncti,1635,2265,5,2050,1140,1135,6875,220,605040,1605,1186
2016,Downsview-Roding-CFB,4330,3085,10,925,645,425,3720,5,530877,1413,1115
2016,Dufferin Grove,310,1335,0,500,110,400,2700,95,636899,1699,1258
2016,East End-Danforth,1770,2085,5,1950,595,485,2240,40,665384,2064,1024
2016,Edenbridge-Humber Valley,2555,2405,0,85,130,40,1035,0,1108146,2009,1388
2016,Eglinton East,1535,4965,0,120,510,585,195,10,374364,1435,1077
2016,Elms-Old Rexdale,990,1375,0,70,515,200,65,0,373493,1559,1190
2016,Englemount-Lawrence,1905,3030,0,30,265,510,2510,0,791880,1800,1114
2016,Eringate-Centennial-West Deane,3925,1785,0,360,605,125,75,5,553656,1514,1365
2016,Etobicoke West Mall,965,3160,0,95,230,60,55,10,430658,1461,1328
2016,Flemingdon Park,0,6425,0,180,565,5,645,0,289227,1566,1148
2016,Forest Hill North,1470,3430,0,15,30,110,385,0,1185419,2316,1395
2016,Forest Hill South,1685,2025,0,65,40,70,1050,0,1664653,2383,1486
2016,Glenfield-Jane Heights,415,3405,0,3285,1350,330,1150,0,455970,1417,1008
2016,Greenwood-Coxwell,965,515,5,1480,335,360,2360,30,538727,1687,1021
2016,Guildwood,2175,1090,0,140,300,180,95,0,514116,1531,1332
2016,Henry Farm,495,5330,0,0,435,15,80,5,514929,1760,1424
2016,High Park North,1370,6515,0,600,130,410,1985,10,741161,1901,1397
2016,High Park-Swansea,2655,3585,0,515,290,565,3240,25,811423,1968,1297
2016,Highland Creek,3100,0,0,5,15,545,30,0,596883,1644,1120
2016,Hillcrest Village,1650,1940,0,825,1070,155,755,0,549816,1517,835
2016,Humber Heights-Westmount,1680,1975,0,60,65,180,190,0,625154,1547,1282
2016,Humber Summit,525,710,5,1790,85,95,685,0,490049,1452,1117
2016,Humbermede,575,1585,0,1135,455,80,1210,0,445094,1491,1190
2016,Humewood-Cedarvale,1850,1705,0,265,0,155,2595,0,970245,2138,1200
2016,Ionview,1020,2880,0,375,145,380,270,100,400418,1459,1063
2016,Islington-City Centre West,5175,12345,0,125,650,250,750,5,628682,1737,1321
2016,Junction Area,740,720,0,980,565,510,2510,10,603050,1819,1263
2016,Keelesdale-Eglinton West,1670,665,0,425,10,395,1005,0,449257,1496,981
2016,Kennedy Park,1805,2835,0,350,125,680,695,80,399789,1447,914
2016,Kensington-Chinatown,70,4630,0,215,600,245,2930,55,613094,1840,1237
2016,Kingsview Village-The Westway,2175,4760,0,130,315,170,220,0,470928,1429,1296
2016,Kingsway South,2310,790,0,70,50,30,335,0,1173663,2173,2020
2016,L'Amoreaux,1270,700,0,545,185,95,335,0,905137,1991,1003
2016,Lambton Baby Point,3685,6760,0,925,2415,420,830,15,468524,1470,1132
2016,Lansing-Westgate,2355,3335,0,30,0,185,655,15,853511,2042,1641
2016,Lawrence Park North,3110,205,0,885,30,185,1005,0,1056967,2338,1589
2016,Lawrence Park South,3420,925,0,110,35,230,1015,5,1522732,2644,1515
2016,Leaside-Bennington,3565,525,0,795,75,45,1420,0,1122495,2216,1427
2016,Little Portugal,270,2955,0,460,605,240,2835,45,751872,1693,1228
2016,Long Branch,1480,1135,0,80,90,230,1795,10,537021,1750,1136
2016,Malvern,3475,3175,0,1275,3540,1220,655,85,357541,1602,1180
2016,Maple Leaf,1635,800,5,175,95,205,635,0,630831,1393,1153
2016,Markland Wood,1780,2025,0,5,285,40,170,5,617950,1587,1370
2016,Milliken,3900,1970,0,550,610,520,95,30,480175,1412,1151
2016,Mimico,2255,10810,0,285,915,355,3145,10,547683,1899,1243
2016,Morningside,2280,2130,5,25,920,310,205,5,396699,1590,1056
2016,Moss Park,65,8240,0,135,630,110,2350,30,569905,2042,979
2016,Mount Dennis,955,2495,0,150,335,210,1035,5,365097,1648,1104
2016,Mount Olive-Silverstone-Jamestown,1655,6165,0,160,1040,755,90,0,352394,1507,1135
2016,Mount Pleasant East,2160,2275,0,1620,140,180,1055,5,942804,2238,1351
2016,Mount Pleasant West,475,14785,0,185,200,100,1755,5,651643,2068,1414
2016,New Toronto,1555,1180,0,215,260,200,1965,5,567617,1659,957
2016,Newtonbrook East,2760,2590,0,10,30,380,330,0,778847,1854,1482
2016,Newtonbrook West,2530,4400,0,605,550,375,495,0,641047,1611,1398
2016,Niagara,35,15645,0,110,860,315,1770,50,514978,2119,1597
2016,North Riverdale,815,700,0,1305,360,315,1460,40,978565,1979,1302
2016,North St.James Town,5,8845,0,0,100,20,575,0,572689,2113,1083
2016,O'Connor-Parkview,1050,3175,0,140,200,440,250,15,415214,1380,899
2016,Oakridge,2795,1525,0,1260,20,685,2390,10,587723,1618,1080
2016,Oakwood Village,3030,2395,0,130,145,285,1485,0,614092,1687,1066
2016,Old East York,2220,520,0,170,0,425,455,5,617169,1565,1181
2016,Palmerston-Little Italy,355,310,0,960,295,410,3890,130,866003,1782,1455
2016,Parkwoods-Donalda,2555,6710,0,1355,1370,125,1185,15,632812,1626,1372
2016,Pelmo Park-Humberlea,1795,535,0,510,260,350,240,10,564303,1377,1255
2016,Playter Estates-Danforth,630,925,0,580,60,200,1170,15,903121,2301,1324
2016,Pleasant View,1010,1475,0,1805,270,110,825,20,519686,1483,1324
2016,Princess-Rosethorn,3295,440,0,5,40,55,15,10,1065811,1964,1471
2016,Regent Park,5,3630,0,50,505,10,735,25,546413,2076,777
2016,Rexdale-Kipling,1775,460,0,30,430,480,670,0,502460,1478,1056
2016,Rockcliffe-Smythe,2765,3260,0,1055,240,465,1275,0,481110,1503,998
2016,Roncesvalles,675,1720,20,995,320,430,2715,20,708369,1947,1157
2016,Rosedale-Moore Park,2450,4990,0,485,260,345,1505,5,1522193,2498,1809
2016,Rouge,7625,1015,0,1145,1855,1170,575,20,523738,1822,1333
2016,Runnymede-Bloor West Village,2025,0,0,760,50,240,735,10,768420,1926,1334
2016,Rustic,1150,1965,0,210,5,85,240,0,600017,1368,912
2016,Scarborough Village,1105,3980,0,30,270,170,355,0,459085,1621,1026
2016,South Parkdale,200,7170,5,150,355,210,3280,5,622827,2210,1066
2016,South Riverdale,865,2175,0,2390,1660,685,4195,85,633325,1928,1058
2016,St.Andrew-Windfields,3245,1745,0,175,540,120,595,5,1390616,2516,1565
2016,Steeles,3725,2715,5,185,555,355,285,0,523359,1422,1423
2016,Stonegate-Queensway,5790,1035,0,100,440,245,2765,5,766124,1683,1227
2016,Tam O'Shanter-Sullivan,3080,4860,0,165,920,670,340,30,492616,1408,1188
2016,Taylor-Massey,600,4840,0,195,185,195,240,25,333230,1473,1087
2016,The Beaches,2590,640,0,1450,340,465,3925,15,927404,2284,1422
2016,Thistletown-Beaumond Heights,1575,680,0,300,50,375,295,5,523150,1571,1093
2016,Thorncliffe Park,0,6660,0,0,85,0,375,0,355293,1689,1300
2016,Trinity-Bellwoods,385,295,0,715,890,875,3385,365,743901,1773,1392
2016,University,125,1125,0,215,285,185,1410,50,860610,1850,1535
2016,Victoria Village,1250,3235,0,305,365,180,2060,15,490119,1529,1068
2016,Waterfront Communities-The Island,255,39265,0,40,560,80,535,20,524540,2119,1746
2016,West Hill,3220,3485,0,450,1445,735,635,30,396189,1446,845
2016,West Humber-Clairville,3870,2265,0,295,1310,1850,685,5,477762,1586,1164
2016,Westminster-Branson,870,7735,0,555,470,145,455,0,486204,1700,1349
2016,Weston,1620,4405,0,205,160,230,990,5,428703,1568,1077
2016,Weston-Pellam Park,505,500,0,1220,300,210,1475,15,489659,1558,886
2016,Wexford/Maryvale,5290,1865,5,15,360,1470,1105,5,484811,1408,1114
2016,Willowdale East,3385,16100,0,65,845,250,1650,20,652845,1841,1790
2016,Willowdale West,2030,4630,0,140,250,300,195,0,648794,1771,1376
2016,Willowridge-Martingrove-Richview,3600,3740,0,530,345,255,35,0,646210,1476,1385
2016,Woburn,6310,9330,0,285,240,1750,490,10,415478,1459,1035
2016,Woodbine Corridor,885,690,0,1555,300,190,1810,25,619910,1916,963
2016,Woodbine-Lumsden,1885,610,0,325,20,285,320,5,514874,1689,1014
2016,Wychwood,920,1295,0,880,290,395,2080,35,787760,1864,1146
2016,Yonge-Eglinton,1400,1995,0,465,60,310,1445,0,1127052,2398,1535
2016,Yonge-St.Clair,520,4315,0,450,220,130,1370,0,1131888,2192,1619
2016,York University Heights,1235,5505,0,1360,775,280,995,0,425769,1444,1122
2016,Yorkdale-Glen Park,2165,1185,0,80,600,465,830,5,599698,1451,1128